{
  "embedding_model": "all-MiniLM-L6-v2",
  "faiss_index_type": "IndexFlatIP (cosine similarity on L2-normalized embeddings)",
  "logistic_regression": {
    "test_metrics": {
      "accuracy": 0.7003,
      "precision": 0.7234,
      "recall": 0.7003,
      "f1": 0.6973
    },
    "per_class_report": {
      "Billing and Payments": {
        "precision": 0.8905109489051095,
        "recall": 0.8472222222222222,
        "f1-score": 0.8683274021352313,
        "support": 432.0
      },
      "Customer Service": {
        "precision": 0.6548536209553159,
        "recall": 0.6692913385826772,
        "f1-score": 0.661993769470405,
        "support": 635.0
      },
      "General Inquiry": {
        "precision": 1.0,
        "recall": 0.3333333333333333,
        "f1-score": 0.5,
        "support": 60.0
      },
      "Human Resources": {
        "precision": 0.9736842105263158,
        "recall": 0.45121951219512196,
        "f1-score": 0.6166666666666667,
        "support": 82.0
      },
      "IT Support": {
        "precision": 0.7021791767554479,
        "recall": 0.5835010060362174,
        "f1-score": 0.6373626373626373,
        "support": 497.0
      },
      "Product Support": {
        "precision": 0.6674786845310596,
        "recall": 0.6927939317319848,
        "f1-score": 0.6799007444168734,
        "support": 791.0
      },
      "Returns and Exchanges": {
        "precision": 0.9051724137931034,
        "recall": 0.5,
        "f1-score": 0.6441717791411042,
        "support": 210.0
      },
      "Sales and Pre-Sales": {
        "precision": 0.9206349206349206,
        "recall": 0.4603174603174603,
        "f1-score": 0.6137566137566137,
        "support": 126.0
      },
      "Service Outages and Maintenance": {
        "precision": 0.9310344827586207,
        "recall": 0.6506024096385542,
        "f1-score": 0.7659574468085106,
        "support": 166.0
      },
      "Technical Support": {
        "precision": 0.6343949044585987,
        "recall": 0.8177339901477833,
        "f1-score": 0.7144906743185079,
        "support": 1218.0
      },
      "accuracy": 0.7002608489447475,
      "macro avg": {
        "precision": 0.8279943363318493,
        "recall": 0.6006015204205354,
        "f1-score": 0.670262773407655,
        "support": 4217.0
      },
      "weighted avg": {
        "precision": 0.7234205595146722,
        "recall": 0.7002608489447475,
        "f1-score": 0.6973272117735102,
        "support": 4217.0
      }
    }
  },
  "random_forest": {
    "test_metrics": {
      "accuracy": 0.6815,
      "precision": 0.7136,
      "recall": 0.6815,
      "f1": 0.6841
    },
    "per_class_report": {
      "Billing and Payments": {
        "precision": 0.9461756373937678,
        "recall": 0.7731481481481481,
        "f1-score": 0.8509554140127389,
        "support": 432.0
      },
      "Customer Service": {
        "precision": 0.5057736720554272,
        "recall": 0.6897637795275591,
        "f1-score": 0.5836109260493004,
        "support": 635.0
      },
      "General Inquiry": {
        "precision": 1.0,
        "recall": 0.5666666666666667,
        "f1-score": 0.723404255319149,
        "support": 60.0
      },
      "Human Resources": {
        "precision": 0.8392857142857143,
        "recall": 0.573170731707317,
        "f1-score": 0.6811594202898551,
        "support": 82.0
      },
      "IT Support": {
        "precision": 0.8566775244299675,
        "recall": 0.5291750503018109,
        "f1-score": 0.654228855721393,
        "support": 497.0
      },
      "Product Support": {
        "precision": 0.6780354706684857,
        "recall": 0.6283185840707964,
        "f1-score": 0.652230971128609,
        "support": 791.0
      },
      "Returns and Exchanges": {
        "precision": 0.8493150684931506,
        "recall": 0.5904761904761905,
        "f1-score": 0.6966292134831461,
        "support": 210.0
      },
      "Sales and Pre-Sales": {
        "precision": 0.8333333333333334,
        "recall": 0.5158730158730159,
        "f1-score": 0.6372549019607843,
        "support": 126.0
      },
      "Service Outages and Maintenance": {
        "precision": 0.7225806451612903,
        "recall": 0.6746987951807228,
        "f1-score": 0.6978193146417445,
        "support": 166.0
      },
      "Technical Support": {
        "precision": 0.6447280053727333,
        "recall": 0.7881773399014779,
        "f1-score": 0.7092722571111932,
        "support": 1218.0
      },
      "accuracy": 0.6815271520037942,
      "macro avg": {
        "precision": 0.787590507119387,
        "recall": 0.6329468301853705,
        "f1-score": 0.6886565529717913,
        "support": 4217.0
      },
      "weighted avg": {
        "precision": 0.7136385190053413,
        "recall": 0.6815271520037942,
        "f1-score": 0.6840999079925232,
        "support": 4217.0
      }
    }
  },
  "linear_svm": {
    "test_metrics": {
      "accuracy": 0.7323,
      "precision": 0.7417,
      "recall": 0.7323,
      "f1": 0.7311
    },
    "per_class_report": {
      "Billing and Payments": {
        "precision": 0.8917647058823529,
        "recall": 0.8773148148148148,
        "f1-score": 0.8844807467911319,
        "support": 432.0
      },
      "Customer Service": {
        "precision": 0.6966824644549763,
        "recall": 0.694488188976378,
        "f1-score": 0.695583596214511,
        "support": 635.0
      },
      "General Inquiry": {
        "precision": 0.9411764705882353,
        "recall": 0.5333333333333333,
        "f1-score": 0.6808510638297872,
        "support": 60.0
      },
      "Human Resources": {
        "precision": 0.8909090909090909,
        "recall": 0.5975609756097561,
        "f1-score": 0.7153284671532847,
        "support": 82.0
      },
      "IT Support": {
        "precision": 0.7062780269058296,
        "recall": 0.6338028169014085,
        "f1-score": 0.6680805938494168,
        "support": 497.0
      },
      "Product Support": {
        "precision": 0.6967821782178217,
        "recall": 0.7117572692793932,
        "f1-score": 0.7041901188242652,
        "support": 791.0
      },
      "Returns and Exchanges": {
        "precision": 0.8389261744966443,
        "recall": 0.5952380952380952,
        "f1-score": 0.6963788300835655,
        "support": 210.0
      },
      "Sales and Pre-Sales": {
        "precision": 0.8875,
        "recall": 0.5634920634920635,
        "f1-score": 0.6893203883495146,
        "support": 126.0
      },
      "Service Outages and Maintenance": {
        "precision": 0.8778625954198473,
        "recall": 0.6927710843373494,
        "f1-score": 0.7744107744107744,
        "support": 166.0
      },
      "Technical Support": {
        "precision": 0.6854395604395604,
        "recall": 0.819376026272578,
        "f1-score": 0.7464472700074795,
        "support": 1218.0
      },
      "accuracy": 0.7322741285273892,
      "macro avg": {
        "precision": 0.8113321267314358,
        "recall": 0.6719134668255169,
        "f1-score": 0.725507184951373,
        "support": 4217.0
      },
      "weighted avg": {
        "precision": 0.7417419506762616,
        "recall": 0.7322741285273892,
        "f1-score": 0.7311284301992839,
        "support": 4217.0
      }
    }
  },
  "faiss_retrieval": {
    "test": {
      "Retrieval@1": 0.8179,
      "Retrieval@3": 0.8717,
      "Retrieval@5": 0.9028,
      "Retrieval@10": 0.9417
    },
    "mrr_at_10": 0.8532,
    "mean_top1_cosine_similarity": 0.9342,
    "per_class_retrieval_at_5": {
      "Billing and Payments": 0.9491,
      "Customer Service": 0.9008,
      "General Inquiry": 0.85,
      "Human Resources": 0.7927,
      "IT Support": 0.8732,
      "Product Support": 0.9153,
      "Returns and Exchanges": 0.8286,
      "Sales and Pre-Sales": 0.7698,
      "Service Outages and Maintenance": 0.8916,
      "Technical Support": 0.9294
    }
  }
}