{
  "best_params": {
    "C": 10.0,
    "class_weight": null,
    "max_features": 40000,
    "ngram_range": "(1,2)"
  },
  "test_metrics": {
    "accuracy": 0.7311,
    "precision": 0.7462,
    "recall": 0.7311,
    "f1": 0.7303
  },
  "per_class_report": {
    "Billing and Payments": {
      "precision": 0.9251870324189526,
      "recall": 0.8587962962962963,
      "f1-score": 0.8907563025210085,
      "support": 432.0
    },
    "Customer Service": {
      "precision": 0.680365296803653,
      "recall": 0.7039370078740157,
      "f1-score": 0.6919504643962848,
      "support": 635.0
    },
    "General Inquiry": {
      "precision": 0.9629629629629629,
      "recall": 0.43333333333333335,
      "f1-score": 0.5977011494252874,
      "support": 60.0
    },
    "Human Resources": {
      "precision": 1.0,
      "recall": 0.5609756097560976,
      "f1-score": 0.71875,
      "support": 82.0
    },
    "IT Support": {
      "precision": 0.7213483146067415,
      "recall": 0.6458752515090543,
      "f1-score": 0.6815286624203821,
      "support": 497.0
    },
    "Product Support": {
      "precision": 0.6782713085234093,
      "recall": 0.7142857142857143,
      "f1-score": 0.6958128078817734,
      "support": 791.0
    },
    "Returns and Exchanges": {
      "precision": 0.8714285714285714,
      "recall": 0.580952380952381,
      "f1-score": 0.6971428571428572,
      "support": 210.0
    },
    "Sales and Pre-Sales": {
      "precision": 0.9078947368421053,
      "recall": 0.5476190476190477,
      "f1-score": 0.6831683168316832,
      "support": 126.0
    },
    "Service Outages and Maintenance": {
      "precision": 0.9047619047619048,
      "recall": 0.6867469879518072,
      "f1-score": 0.7808219178082192,
      "support": 166.0
    },
    "Technical Support": {
      "precision": 0.6834924965893588,
      "recall": 0.8226600985221675,
      "f1-score": 0.7466467958271237,
      "support": 1218.0
    },
    "accuracy": 0.7310884515058098,
    "macro avg": {
      "precision": 0.833571262493766,
      "recall": 0.6555181728099914,
      "f1-score": 0.7184279274254619,
      "support": 4217.0
    },
    "weighted avg": {
      "precision": 0.7461684445181581,
      "recall": 0.7310884515058098,
      "f1-score": 0.7302855006872276,
      "support": 4217.0
    }
  }
}